[
    {
        "_id": {
            "$oid": "61b5f0c1f39e4edcf5b8a3d8"
        },
        "address": {
            "city": "Győr",
            "country": "Hungary",
            "street": "Futrinka utca 13.",
            "_id": {
                "$oid": "61b5f0c1f39e4edcf5b8a3d9"
            }
        },
        "email": "student005@jedlik.eu",
        "name": "student005",
        "password": "$2b$10$HBH36EkxhwwOcI7UM/Km3uHUcgwPJjleZYS9fqOgjIr.qmvTUlGPu"
    },
    {
        "_id": {
            "$oid": "61b5f048f39e4edcf5b8a3ca"
        },
        "address": {
            "city": "Győr",
            "country": "Hungary",
            "street": "Bartók Béla út 23.",
            "_id": {
                "$oid": "61b5f048f39e4edcf5b8a3cb"
            }
        },
        "email": "student003@jedlik.eu",
        "name": "student003",
        "password": "$2b$10$WTvhxEncr.YdgIquNpob8OpWqf5hNWEynKNFyQukvmtM/DzRt9ulW"
    },
    {
        "_id": {
            "$oid": "61b5ea14f39e4edcf5b8a3bd"
        },
        "address": {
            "city": "Tét",
            "country": "Hungary",
            "street": "Petőfi Sándor utca 2.",
            "_id": {
                "$oid": "61b5ea14f39e4edcf5b8a3be"
            }
        },
        "email": "student002@jedlik.eu",
        "name": "student002",
        "password": "$2b$10$Rp5avm47rbRHxJxy8sEVueBTLYFAyrVIFiAebUAJDMKlM5raFnwpi"
    },
    {
        "_id": {
            "$oid": "61b5e9c0f39e4edcf5b8a3b9"
        },
        "address": {
            "city": "Győr",
            "country": "Hungary",
            "street": "Szent István út 7.",
            "_id": {
                "$oid": "61b5e9c0f39e4edcf5b8a3ba"
            }
        },
        "email": "student001@jedlik.eu",
        "name": "student001",
        "password": "$2b$10$9Czj8XCCZ6Wg5h9HSngl2eMqAO0Pk/LFmf.LrfeLKDXsBQaI07Pv."
    },
    {
        "_id": {
            "$oid": "61b5f09cf39e4edcf5b8a3d4"
        },
        "address": {
            "city": "Tét",
            "country": "Hungary",
            "street": "Kossuth Lajos út 56.",
            "_id": {
                "$oid": "61b5f09cf39e4edcf5b8a3d5"
            }
        },
        "email": "student004@jedlik.eu",
        "name": "student004",
        "password": "$2b$10$saCo0rqdGbIiacjcZ60CGuGw8QhA8tgh3gfn0w.LFaVlyPJzd9zA6"
    }
]